id,mision,subpregunta,afirmacion,doi_fuente,archivo_pdf,pagina,pasaje_literal,verificacion_mecanica
M1-R01,M1,,"FAIR define cuatro principios fundacionales: Findability, Accessibility, Interoperability y Reusability (encontrabilidad, accesibilidad, interoperabilidad y reutilización), pensados para guiar a productores y publicadores de datos.",10.1038/sdata.2016.18,Downloads/gold_set_benchmark/wilkinson_2016_fair_guiding_principles_sdata.2016.18.pdf,1,"This article describes four foundational principles — Findability, Accessibility, Interoperability, and Reusability— that serve to guide data producers and publishers",ok
M1-R02,M1,,"A diferencia de iniciativas centradas en el investigador humano, FAIR pone énfasis específico en que las máquinas puedan encontrar y usar los datos automáticamente, además de apoyar su reutilización por personas.",10.1038/sdata.2016.18,Downloads/gold_set_benchmark/wilkinson_2016_fair_guiding_principles_sdata.2016.18.pdf,1,"the FAIR Principles put speci ﬁc emphasis on enhancing the ability of machines to automatically ﬁnd and use the data, in addition to supporting its reuse by individuals.",ok
M1-R03,M1,,"Los principios se aplican no solo a los datos en sentido convencional, sino también a los algoritmos, herramientas y flujos de trabajo que los generaron.",10.1038/sdata.2016.18,Downloads/gold_set_benchmark/wilkinson_2016_fair_guiding_principles_sdata.2016.18.pdf,1,"it is our intent that the principles apply not only to ‘data’ in the conventional sense, but also to the algorithms, tools, and work ﬂows that led to that data.",ok
M1-R04,M1,,"Para ser encontrables (F1), los datos y metadatos deben tener asignado un identificador global único y persistente.",10.1038/sdata.2016.18,Downloads/gold_set_benchmark/wilkinson_2016_fair_guiding_principles_sdata.2016.18.pdf,4,F1. (meta)data are assigned a globally unique and persistent identi ﬁer,ok
M1-R05,M1,,"Los principios FAIR preceden a las decisiones de implementación: no prescriben ninguna tecnología, estándar ni solución concreta, y no son en sí mismos un estándar ni una especificación.",10.1038/sdata.2016.18,Downloads/gold_set_benchmark/wilkinson_2016_fair_guiding_principles_sdata.2016.18.pdf,5,"These high-level FAIR Guiding Principles precede implementation choices, and do not suggest any speciﬁc technology, standard, or implementation-solution; moreover, the Principles are not, themselves, a standard or a speci ﬁcation.",ok
M2-R01,M2,SQ1,"Las especies de Corynebacterium tienen un único gen emb, mientras que M. tuberculosis y M. avium tienen tres; en estas micobacterias se sugiere que al menos uno de ellos (embB) es el blanco del etambutol.",10.1099/mic.0.27804-0,Obsidian Vault/Research/Papers/radmacher_2005_ethambutol_cglutamicum.pdf,4,"Mycobacterium avium and M. tuberculosis have three emb genes, and at least one of these ( embB) is suggested to be the target of EMB (Escuyer et al ., 2001). However, Coryne- bacterium species have only one emb gene.",ok
M2-R02,M2,SQ3,"En C. glutamicum, sobreexpresar su único gen emb (más parecido a embC micobacteriano que a embA o embB) fue suficiente para conferir resistencia al etambutol.",10.1099/mic.0.27804-0,Obsidian Vault/Research/Papers/radmacher_2005_ethambutol_cglutamicum.pdf,4,"overexpression of the single emb gene of C. glutamicum, which is more related to the mycobacterial embC than to embA or embB,w a s sufﬁcient to confer EMB resistance.",ok
M2-R03,M2,SQ2,"En C. glutamicum, el etambutol redujo el depósito de arabinano en el arabinogalactano de la pared y el contenido de ácidos micólicos unidos a la pared.",10.1099/mic.0.27804-0,Obsidian Vault/Research/Papers/radmacher_2005_ethambutol_cglutamicum.pdf,1,"(iii) EMB caused less arabinan deposition in cell wall arabinogalactan, and (iv) EMB caused a reduced content of cell-wall-bound mycolic acids.",ok
M2-R04,M2,SQ2,"En C. glutamicum, tanto el tratamiento con etambutol como la deleción de pks (síntesis de ácidos micólicos) indujeron fuertemente un reportero de la vía de estrés de envoltura σD (19,1 y 10,8 veces, respectivamente).",10.1371/journal.pgen.1011127,Obsidian Vault/Research/Papers/hart_2024_the_conserved_d_envelope_stress_response_monitors_multiple.pdf,8,"Both ethambutol (EMB) treatment to disrupt AG synthesis and deletion ofpks, a homolog ofMtbpks13 that encodes an enzyme required for mycolic acid syn- thesis, resulted in strong induction of the reporter (19.1-fold and 10.8-fold increases, respec- tively for EMB and Δpks)",ok
M2-R05,M2,SQ4,"Radmacher et al. midieron la respuesta global de C. glutamicum al etambutol a nivel transcriptómico, con microarreglos de ADN y no por proteómica: 76 genes con expresión diferencial, 18 inducidos más de ocho veces (entre ellos ftsE y mepA), y casi ningún gen del metabolismo central.",10.1099/mic.0.27804-0,Obsidian Vault/Research/Papers/radmacher_2005_ethambutol_cglutamicum.pdf,1,"genome-wide expression proﬁling was performed using DNA microarrays. This identiﬁed 76 differentially expressed genes, with 18 of them upregulated more than eightfold. Among these were the cell-wall-related genes ftsE and mepA (encoding a secreted metalloprotease); however, genes of central metabolism were largely absent.",ok
M2-R06,M2,SQ2,"En C. glutamicum y M. phlei, el etambutol bloquea específicamente la síntesis apical (polar) de pared celular, pero no la división celular, lo que explica su efecto bacteriostático.",10.1128/mbio.02213-16,Obsidian Vault/Research/Papers/schubert_2017_the_antituberculosis_drug_ethambutol_selectively_blocks_apical_growth.pdf,1,"Here, we used Corynebacterium glutamicum and Mycobacterium phlei as model organisms to study the effects of EMB at the single-cell level. Our results demonstrate that EMB speciﬁcally blocks apical cell wall synthesis, but not cell divi- sion, explaining the bacteriostatic effect of EMB.",ok
M2-R07,M2,SQ2,"En C. glutamicum tratado con etambutol aumenta el nivel de la proteína DivIVA (confirmado por inmunoblot), mientras que su ARNm no cambia (dato no mostrado por los autores).",10.1128/mbio.02213-16,Obsidian Vault/Research/Papers/schubert_2017_the_antituberculosis_drug_ethambutol_selectively_blocks_apical_growth.pdf,5,"DivIVA mRNA levels, and thus transcription rates, were not altered upon the addition of EMB (data not shown). [...] Immunoblotting with antibodies directed against the mCherry protein conﬁrmed the increase in DivIVA levels",ok
M2-R08,M2,SQ2,"Las células de C. glutamicum tratadas con una concentración subletal de etambutol pierden la integridad de la micomembrana (hallazgo previo del mismo grupo, que Meyer et al. resumen) y, según Meyer et al., presentan un peptidoglicano más grueso y menos electrodenso.",10.1016/j.tcsw.2023.100116,Obsidian Vault/Research/Papers/meyer_2023_effects_of_benzothiazinone_and_ethambutol_on_the_integrity.pdf,1,"We previously showed that C. glutamicum cells treated with a sublethal concentration of EMB lose the integrity of the MM. [...] In addition, we observed that EMB treated cells have a thicker and less electron dense peptidoglycan (PG).",ok
M2-R09,M2,SQ3,"Un cribado por Tn-seq en C. glutamicum identificó loci cuya inactivación causa hipersensibilidad al etambutol, entre ellos ripC, el complejo FtsEX y los genes conservados steAB.",10.1371/journal.pgen.1008284,Obsidian Vault/Research/Papers/lim_2019_identification_of_new_components_of_the_ripc_ftsex.pdf,1,"we generated the first high-density library of transposon inser- tion mutants in the model organism C. glutamicum. Transposon-sequencing was then used to define its essential gene set and identify loci that, when inactivated, confer hypersensitiv- ity to ethambutol (EMB), a drug that targets AG biogenesis. Among the EMBs loci were genes encoding RipC and the FtsEX complex [...] Inactivation of the conserved steAB genes (cgp_1603–1604) was also found to confer EMB hypersensitivity and cell division defects.",ok
M2-R10,M2,SQ4,"A diferencia de las micobacterias, en C. glutamicum las capas de arabinogalactano y micomembrana no son esenciales para la viabilidad; por eso su pérdida tras el tratamiento con etambutol no es el mecanismo directo de muerte en este organismo.",10.1016/j.tcsw.2023.100116,Obsidian Vault/Research/Papers/meyer_2023_effects_of_benzothiazinone_and_ethambutol_on_the_integrity.pdf,2,"In C. glutamicum the AG/ MM layers are not essential for viability, which is in stark contrast to Mycobacteria. This implies that loss of AG/MM integrity in C. glutamicum upon EMB or BTZ treatment is not the direct mechanism for killing.",ok
