mision,doi,pmid,titulo,anio,por_que_es_clave,acceso_abierto,identidad
M1,10.1038/sdata.2016.18,26978244,The FAIR Guiding Principles for scientific data management and stewardship,2016,Primera publicación formal de los principios FAIR; es la fuente única de M1.,si,confirmada
M2,10.1099/mic.0.27804-0,15870446,"Ethambutol, a cell wall inhibitor of Mycobacterium tuberculosis, elicits L-glutamate efflux of Corynebacterium glutamicum",2005,"Único trabajo del corpus con una respuesta global (transcriptómica) de C. glutamicum al etambutol; además: un único gen emb, arabinano, ácidos micólicos y eflujo de glutamato en CGXII.",no,confirmada
M2,10.1128/mbio.02213-16,28174310,The Antituberculosis Drug Ethambutol Selectively Blocks Apical Growth in CMN Group Bacteria,2017,"Fenotipo celular del etambutol en C. glutamicum (bloqueo del crecimiento apical, acumulación de DivIVA, RodA mal localizada); en BHI.",si,confirmada
M2,10.1016/j.tcsw.2023.100116,38044953,Effects of benzothiazinone and ethambutol on the integrity of the corynebacterial cell envelope,2023,Integridad de la micomembrana y del peptidoglicano bajo etambutol; muestra que el AG y la micomembrana no son esenciales en C. glutamicum. Mismo grupo que Schubert 2017.,si,confirmada
M2,10.1371/journal.pgen.1008284,31437147,Identification of new components of the RipC-FtsEX cell separation pathway of Corynebacterineae,2019,"Tn-seq con etambutol subletal en C. glutamicum: genes que modulan la sensibilidad (ripC, ftsEX, steAB).",si,confirmada
M2,10.1371/journal.pone.0240497,33383576,Genome-wide identification of novel genes involved in Corynebacteriales cell envelope biogenesis using Corynebacterium glutamicum as a model,2020,Cribado genómico de genes de envoltura en C. glutamicum desde otro grupo de investigación; sitúa el cribado de Lim et al.,si,confirmada
M2,10.1371/journal.pgen.1011127,38829907,The conserved σD envelope stress response monitors multiple aspects of envelope integrity in corynebacteria,2024,El etambutol activa la respuesta de estrés σD en C. glutamicum: es una vía regulatoria concreta afectada por el fármaco.,si,confirmada
M2,10.1016/j.tcsw.2018.06.003,30046665,The singular Corynebacterium glutamicum Emb arabinofuranosyltransferase polymerises the α(1 → 5) arabinan backbone in the early stages of cell wall arabinan biosynthesis,2018,"Caracteriza la función de la Emb única de C. glutamicum, el blanco del fármaco. NO está en la carpeta.",si,confirmada
M2,10.1007/s13238-020-00726-6,32363534,Cryo-EM snapshots of mycobacterial arabinosyltransferase complex EmbB2-AcpM2,2020,Base estructural del blanco en micobacterias (EmbB de M. smegmatis) y mapeo de mutaciones de resistencia.,si,confirmada
M2,10.1021/pr0703066,18275136,The proteomic response of Mycobacterium smegmatis to anti-tuberculosis drugs suggests targeted pathways.,2008,Proteómica shotgun de M. smegmatis con etambutol entre otros fármacos: es el antecedente proteómico más cercano. NO está en la carpeta.,no,confirmada
M2,10.1007/s00284-010-9711-5,20686769,The novel responses of ethambutol against Mycobacterium smegmatis mc²155 Revealed by proteomics analysis.,2011,Proteómica 2D-DIGE de M. smegmatis con etambutol. NO está en la carpeta.,no,confirmada
